{
    "CommunicationIssue": {
        "precision": 1.0,
        "recall": 1.0,
        "f1-score": 1.0,
        "support": 3.0
    },
    "HardwareFault": {
        "precision": 0.875,
        "recall": 1.0,
        "f1-score": 0.9333333333333333,
        "support": 28.0
    },
    "Normal": {
        "precision": 0.9769230769230769,
        "recall": 0.9621212121212122,
        "f1-score": 0.9694656488549618,
        "support": 132.0
    },
    "ParamViolation": {
        "precision": 0.6923076923076923,
        "recall": 0.9,
        "f1-score": 0.782608695652174,
        "support": 10.0
    },
    "RegulationViolation": {
        "precision": 1.0,
        "recall": 1.0,
        "f1-score": 1.0,
        "support": 3.0
    },
    "SoftwareFault": {
        "precision": 0.8333333333333334,
        "recall": 0.75,
        "f1-score": 0.7894736842105263,
        "support": 20.0
    },
    "SurroundingEnvironment": {
        "precision": 1.0,
        "recall": 0.7692307692307693,
        "f1-score": 0.8695652173913043,
        "support": 13.0
    },
    "accuracy": 0.9330143540669856,
    "macro_avg": {
        "precision": 0.9110805860805861,
        "recall": 0.9116217116217115,
        "f1-score": 0.9063495113489,
        "support": 209.0
    },
    "weighted_avg": {
        "precision": 0.938007606428659,
        "recall": 0.9330143540669856,
        "f1-score": 0.9331230021483614,
        "support": 209.0
    },
    "micro_avg": {
        "precision": 0.9330143540669856,
        "recall": 0.9330143540669856,
        "f1-score": 0.9330143540669856
    }
}