{
    "CommunicationIssue": {
        "precision": 1.0,
        "recall": 1.0,
        "f1-score": 1.0,
        "support": 3.0
    },
    "HardwareFault": {
        "precision": 0.8709677419354839,
        "recall": 0.9642857142857143,
        "f1-score": 0.9152542372881356,
        "support": 28.0
    },
    "Normal": {
        "precision": 0.9846153846153847,
        "recall": 0.9696969696969697,
        "f1-score": 0.9770992366412213,
        "support": 132.0
    },
    "ParamViolation": {
        "precision": 0.7272727272727273,
        "recall": 0.8,
        "f1-score": 0.7619047619047619,
        "support": 10.0
    },
    "RegulationViolation": {
        "precision": 1.0,
        "recall": 1.0,
        "f1-score": 1.0,
        "support": 3.0
    },
    "SoftwareFault": {
        "precision": 0.7619047619047619,
        "recall": 0.8,
        "f1-score": 0.7804878048780488,
        "support": 20.0
    },
    "SurroundingEnvironment": {
        "precision": 0.9,
        "recall": 0.6923076923076923,
        "f1-score": 0.782608695652174,
        "support": 13.0
    },
    "accuracy": 0.9282296650717703,
    "macro_avg": {
        "precision": 0.8921086593897655,
        "recall": 0.889470053755768,
        "f1-score": 0.8881935337663345,
        "support": 209.0
    },
    "weighted_avg": {
        "precision": 0.9309433016949608,
        "recall": 0.9282296650717703,
        "f1-score": 0.9282628451712721,
        "support": 209.0
    },
    "micro_avg": {
        "precision": 0.9282296650717703,
        "recall": 0.9282296650717703,
        "f1-score": 0.9282296650717703
    }
}