{
    "CommunicationIssue": {
        "precision": 1.0,
        "recall": 1.0,
        "f1-score": 1.0,
        "support": 3.0
    },
    "HardwareFault": {
        "precision": 0.875,
        "recall": 1.0,
        "f1-score": 0.9333333333333333,
        "support": 28.0
    },
    "Normal": {
        "precision": 0.9545454545454546,
        "recall": 0.9545454545454546,
        "f1-score": 0.9545454545454546,
        "support": 132.0
    },
    "ParamViolation": {
        "precision": 0.6923076923076923,
        "recall": 0.9,
        "f1-score": 0.782608695652174,
        "support": 10.0
    },
    "RegulationViolation": {
        "precision": 1.0,
        "recall": 1.0,
        "f1-score": 1.0,
        "support": 3.0
    },
    "SoftwareFault": {
        "precision": 0.7777777777777778,
        "recall": 0.7,
        "f1-score": 0.7368421052631579,
        "support": 20.0
    },
    "SurroundingEnvironment": {
        "precision": 1.0,
        "recall": 0.6153846153846154,
        "f1-score": 0.7619047619047619,
        "support": 13.0
    },
    "accuracy": 0.9138755980861244,
    "macro_avg": {
        "precision": 0.8999472749472749,
        "recall": 0.8814185814185814,
        "f1-score": 0.881319192956983,
        "support": 209.0
    },
    "weighted_avg": {
        "precision": 0.9185580501369975,
        "recall": 0.9138755980861244,
        "f1-score": 0.9119666234444025,
        "support": 209.0
    },
    "micro_avg": {
        "precision": 0.9138755980861244,
        "recall": 0.9138755980861244,
        "f1-score": 0.9138755980861244
    }
}