{
    "CommunicationIssue": {
        "precision": 1.0,
        "recall": 1.0,
        "f1-score": 1.0,
        "support": 3.0
    },
    "HardwareFault": {
        "precision": 0.7777777777777778,
        "recall": 1.0,
        "f1-score": 0.875,
        "support": 28.0
    },
    "Normal": {
        "precision": 0.984375,
        "recall": 0.9545454545454546,
        "f1-score": 0.9692307692307692,
        "support": 132.0
    },
    "ParamViolation": {
        "precision": 0.7777777777777778,
        "recall": 0.7,
        "f1-score": 0.7368421052631579,
        "support": 10.0
    },
    "RegulationViolation": {
        "precision": 1.0,
        "recall": 1.0,
        "f1-score": 1.0,
        "support": 3.0
    },
    "SoftwareFault": {
        "precision": 0.8421052631578947,
        "recall": 0.8,
        "f1-score": 0.8205128205128205,
        "support": 20.0
    },
    "SurroundingEnvironment": {
        "precision": 0.9090909090909091,
        "recall": 0.7692307692307693,
        "f1-score": 0.8333333333333334,
        "support": 13.0
    },
    "accuracy": 0.9234449760765551,
    "macro_avg": {
        "precision": 0.8987323896863371,
        "recall": 0.8891108891108891,
        "f1-score": 0.8907027183342971,
        "support": 209.0
    },
    "weighted_avg": {
        "precision": 0.9289633618990203,
        "recall": 0.9234449760765551,
        "f1-score": 0.9236864705008749,
        "support": 209.0
    },
    "micro_avg": {
        "precision": 0.9234449760765551,
        "recall": 0.9234449760765551,
        "f1-score": 0.9234449760765551
    }
}