{
    "CommunicationIssue": {
        "precision": 1.0,
        "recall": 1.0,
        "f1-score": 1.0,
        "support": 3.0
    },
    "HardwareFault": {
        "precision": 0.875,
        "recall": 1.0,
        "f1-score": 0.9333333333333333,
        "support": 28.0
    },
    "Normal": {
        "precision": 0.9696969696969697,
        "recall": 0.9696969696969697,
        "f1-score": 0.9696969696969697,
        "support": 132.0
    },
    "ParamViolation": {
        "precision": 0.7692307692307693,
        "recall": 1.0,
        "f1-score": 0.8695652173913043,
        "support": 10.0
    },
    "RegulationViolation": {
        "precision": 1.0,
        "recall": 1.0,
        "f1-score": 1.0,
        "support": 3.0
    },
    "SoftwareFault": {
        "precision": 0.875,
        "recall": 0.7,
        "f1-score": 0.7777777777777778,
        "support": 20.0
    },
    "SurroundingEnvironment": {
        "precision": 1.0,
        "recall": 0.7692307692307693,
        "f1-score": 0.8695652173913043,
        "support": 13.0
    },
    "accuracy": 0.937799043062201,
    "macro_avg": {
        "precision": 0.9269896769896769,
        "recall": 0.9198468198468198,
        "f1-score": 0.9171340736558128,
        "support": 209.0
    },
    "weighted_avg": {
        "precision": 0.9411115200588884,
        "recall": 0.937799043062201,
        "f1-score": 0.9363104731525783,
        "support": 209.0
    },
    "micro_avg": {
        "precision": 0.937799043062201,
        "recall": 0.937799043062201,
        "f1-score": 0.937799043062201
    }
}