{
    "CommunicationIssue": {
        "precision": 0.0,
        "recall": 0.0,
        "f1-score": 0.0,
        "support": 3.0
    },
    "HardwareFault": {
        "precision": 0.7407407407407407,
        "recall": 0.7142857142857143,
        "f1-score": 0.7272727272727273,
        "support": 28.0
    },
    "Normal": {
        "precision": 0.7359550561797753,
        "recall": 0.9924242424242424,
        "f1-score": 0.8451612903225807,
        "support": 132.0
    },
    "ParamViolation": {
        "precision": 0.0,
        "recall": 0.0,
        "f1-score": 0.0,
        "support": 10.0
    },
    "RegulationViolation": {
        "precision": 0.0,
        "recall": 0.0,
        "f1-score": 0.0,
        "support": 3.0
    },
    "SoftwareFault": {
        "precision": 0.0,
        "recall": 0.0,
        "f1-score": 0.0,
        "support": 20.0
    },
    "SurroundingEnvironment": {
        "precision": 1.0,
        "recall": 0.3076923076923077,
        "f1-score": 0.47058823529411764,
        "support": 13.0
    },
    "accuracy": 0.7416267942583732,
    "macro_avg": {
        "precision": 0.35381368527435947,
        "recall": 0.2877717520574663,
        "f1-score": 0.2918603218413465,
        "support": 209.0
    },
    "weighted_avg": {
        "precision": 0.6262526706051248,
        "recall": 0.7416267942583732,
        "f1-score": 0.6604907834690936,
        "support": 209.0
    },
    "micro_avg": {
        "precision": 0.7416267942583732,
        "recall": 0.7416267942583732,
        "f1-score": 0.7416267942583732
    }
}