{
    "CommunicationIssue": {
        "precision": 1.0,
        "recall": 0.3333333333333333,
        "f1-score": 0.5,
        "support": 3.0
    },
    "HardwareFault": {
        "precision": 0.8888888888888888,
        "recall": 0.8571428571428571,
        "f1-score": 0.8727272727272727,
        "support": 28.0
    },
    "Normal": {
        "precision": 0.8618421052631579,
        "recall": 0.9924242424242424,
        "f1-score": 0.9225352112676056,
        "support": 132.0
    },
    "ParamViolation": {
        "precision": 1.0,
        "recall": 0.4,
        "f1-score": 0.5714285714285714,
        "support": 10.0
    },
    "RegulationViolation": {
        "precision": 0.0,
        "recall": 0.0,
        "f1-score": 0.0,
        "support": 3.0
    },
    "SoftwareFault": {
        "precision": 0.875,
        "recall": 0.7,
        "f1-score": 0.7777777777777778,
        "support": 20.0
    },
    "SurroundingEnvironment": {
        "precision": 1.0,
        "recall": 0.6923076923076923,
        "f1-score": 0.8181818181818182,
        "support": 13.0
    },
    "accuracy": 0.8755980861244019,
    "macro_avg": {
        "precision": 0.8036758563074352,
        "recall": 0.5678868750297321,
        "f1-score": 0.6375215216261493,
        "support": 209.0
    },
    "weighted_avg": {
        "precision": 0.8715408937015585,
        "recall": 0.8755980861244019,
        "f1-score": 0.8594125188033133,
        "support": 209.0
    },
    "micro_avg": {
        "precision": 0.8755980861244019,
        "recall": 0.8755980861244019,
        "f1-score": 0.8755980861244019
    }
}