{
    "CommunicationIssue": {
        "precision": 1.0,
        "recall": 1.0,
        "f1-score": 1.0,
        "support": 3.0
    },
    "HardwareFault": {
        "precision": 0.896551724137931,
        "recall": 0.9285714285714286,
        "f1-score": 0.9122807017543859,
        "support": 28.0
    },
    "Normal": {
        "precision": 0.9552238805970149,
        "recall": 0.9696969696969697,
        "f1-score": 0.9624060150375939,
        "support": 132.0
    },
    "ParamViolation": {
        "precision": 0.9,
        "recall": 0.9,
        "f1-score": 0.9,
        "support": 10.0
    },
    "RegulationViolation": {
        "precision": 1.0,
        "recall": 1.0,
        "f1-score": 1.0,
        "support": 3.0
    },
    "SoftwareFault": {
        "precision": 0.7619047619047619,
        "recall": 0.8,
        "f1-score": 0.7804878048780488,
        "support": 20.0
    },
    "SurroundingEnvironment": {
        "precision": 1.0,
        "recall": 0.6923076923076923,
        "f1-score": 0.8181818181818182,
        "support": 13.0
    },
    "accuracy": 0.9282296650717703,
    "macro_avg": {
        "precision": 0.9305257666628154,
        "recall": 0.8986537272251558,
        "f1-score": 0.9104794771216923,
        "support": 209.0
    },
    "weighted_avg": {
        "precision": 0.9302923241759008,
        "recall": 0.9282296650717703,
        "f1-score": 0.9274046572632046,
        "support": 209.0
    },
    "micro_avg": {
        "precision": 0.9282296650717703,
        "recall": 0.9282296650717703,
        "f1-score": 0.9282296650717703
    }
}