{
    "CommunicationIssue": {
        "precision": 1.0,
        "recall": 1.0,
        "f1-score": 1.0,
        "support": 3.0
    },
    "HardwareFault": {
        "precision": 0.9333333333333333,
        "recall": 1.0,
        "f1-score": 0.9655172413793104,
        "support": 28.0
    },
    "Normal": {
        "precision": 0.9692307692307692,
        "recall": 0.9545454545454546,
        "f1-score": 0.9618320610687023,
        "support": 132.0
    },
    "ParamViolation": {
        "precision": 0.8,
        "recall": 0.8,
        "f1-score": 0.8,
        "support": 10.0
    },
    "RegulationViolation": {
        "precision": 1.0,
        "recall": 1.0,
        "f1-score": 1.0,
        "support": 3.0
    },
    "SoftwareFault": {
        "precision": 0.7272727272727273,
        "recall": 0.8,
        "f1-score": 0.7619047619047619,
        "support": 20.0
    },
    "SurroundingEnvironment": {
        "precision": 0.8181818181818182,
        "recall": 0.6923076923076923,
        "f1-score": 0.75,
        "support": 13.0
    },
    "accuracy": 0.9234449760765551,
    "macro_avg": {
        "precision": 0.8925740925740927,
        "recall": 0.8924075924075925,
        "f1-score": 0.8913220091932536,
        "support": 209.0
    },
    "weighted_avg": {
        "precision": 0.9246584356632203,
        "recall": 0.9234449760765551,
        "f1-score": 0.9233703830516011,
        "support": 209.0
    },
    "micro_avg": {
        "precision": 0.9234449760765551,
        "recall": 0.9234449760765551,
        "f1-score": 0.9234449760765551
    }
}