{
    "CommunicationIssue": {
        "precision": 1.0,
        "recall": 1.0,
        "f1-score": 1.0,
        "support": 3.0
    },
    "HardwareFault": {
        "precision": 0.9310344827586207,
        "recall": 0.9642857142857143,
        "f1-score": 0.9473684210526315,
        "support": 28.0
    },
    "Normal": {
        "precision": 0.9765625,
        "recall": 0.946969696969697,
        "f1-score": 0.9615384615384616,
        "support": 132.0
    },
    "ParamViolation": {
        "precision": 0.6666666666666666,
        "recall": 1.0,
        "f1-score": 0.8,
        "support": 10.0
    },
    "RegulationViolation": {
        "precision": 1.0,
        "recall": 1.0,
        "f1-score": 1.0,
        "support": 3.0
    },
    "SoftwareFault": {
        "precision": 0.8181818181818182,
        "recall": 0.9,
        "f1-score": 0.8571428571428571,
        "support": 20.0
    },
    "SurroundingEnvironment": {
        "precision": 1.0,
        "recall": 0.6923076923076923,
        "f1-score": 0.8181818181818182,
        "support": 13.0
    },
    "accuracy": 0.9330143540669856,
    "macro_avg": {
        "precision": 0.9132064953724436,
        "recall": 0.9290804433661578,
        "f1-score": 0.9120330797022527,
        "support": 209.0
    },
    "weighted_avg": {
        "precision": 0.9426101365911215,
        "recall": 0.9330143540669856,
        "f1-score": 0.9341081985252219,
        "support": 209.0
    },
    "micro_avg": {
        "precision": 0.9330143540669856,
        "recall": 0.9330143540669856,
        "f1-score": 0.9330143540669856
    }
}