{
    "CommunicationIssue": {
        "precision": 0.0,
        "recall": 0.0,
        "f1-score": 0.0,
        "support": 3.0
    },
    "HardwareFault": {
        "precision": 0.7894736842105263,
        "recall": 0.5357142857142857,
        "f1-score": 0.6382978723404256,
        "support": 28.0
    },
    "Normal": {
        "precision": 0.7058823529411765,
        "recall": 1.0,
        "f1-score": 0.8275862068965517,
        "support": 132.0
    },
    "ParamViolation": {
        "precision": 0.0,
        "recall": 0.0,
        "f1-score": 0.0,
        "support": 10.0
    },
    "RegulationViolation": {
        "precision": 0.0,
        "recall": 0.0,
        "f1-score": 0.0,
        "support": 3.0
    },
    "SoftwareFault": {
        "precision": 0.0,
        "recall": 0.0,
        "f1-score": 0.0,
        "support": 20.0
    },
    "SurroundingEnvironment": {
        "precision": 1.0,
        "recall": 0.23076923076923078,
        "f1-score": 0.375,
        "support": 13.0
    },
    "accuracy": 0.7177033492822966,
    "macro_avg": {
        "precision": 0.3564794338788147,
        "recall": 0.2523547880690738,
        "f1-score": 0.26298343989099676,
        "support": 209.0
    },
    "weighted_avg": {
        "precision": 0.613788199742249,
        "recall": 0.7177033492822966,
        "f1-score": 0.6315249748128073,
        "support": 209.0
    },
    "micro_avg": {
        "precision": 0.7177033492822966,
        "recall": 0.7177033492822966,
        "f1-score": 0.7177033492822966
    }
}