{
    "CommunicationIssue": {
        "precision": 1.0,
        "recall": 1.0,
        "f1-score": 1.0,
        "support": 3.0
    },
    "HardwareFault": {
        "precision": 0.8,
        "recall": 1.0,
        "f1-score": 0.8888888888888888,
        "support": 28.0
    },
    "Normal": {
        "precision": 0.976,
        "recall": 0.9242424242424242,
        "f1-score": 0.9494163424124513,
        "support": 132.0
    },
    "ParamViolation": {
        "precision": 0.625,
        "recall": 1.0,
        "f1-score": 0.7692307692307693,
        "support": 10.0
    },
    "RegulationViolation": {
        "precision": 1.0,
        "recall": 1.0,
        "f1-score": 1.0,
        "support": 3.0
    },
    "SoftwareFault": {
        "precision": 0.8333333333333334,
        "recall": 0.75,
        "f1-score": 0.7894736842105263,
        "support": 20.0
    },
    "SurroundingEnvironment": {
        "precision": 1.0,
        "recall": 0.6923076923076923,
        "f1-score": 0.8181818181818182,
        "support": 13.0
    },
    "accuracy": 0.9090909090909091,
    "macro_avg": {
        "precision": 0.8906190476190475,
        "recall": 0.9095071595071594,
        "f1-score": 0.8878845004177791,
        "support": 209.0
    },
    "weighted_avg": {
        "precision": 0.9241562998405103,
        "recall": 0.9090909090909091,
        "f1-score": 0.9106698138766233,
        "support": 209.0
    },
    "micro_avg": {
        "precision": 0.9090909090909091,
        "recall": 0.9090909090909091,
        "f1-score": 0.9090909090909091
    }
}