{
    "model": "bert-base-uncased",
    "device": "cuda",
    "sample_size": 2500,
    "batch_size": 32,
    "inference_time_s": 2.5334051760000875,
    "avg_cpu_percent": 4.0346153846153845,
    "peak_cpu_percent": 4.6,
    "avg_gpu_percent": 75.61538461538461,
    "peak_gpu_percent": 88
}