{
    "CommunicationIssue": {
        "precision": 1.0,
        "recall": 1.0,
        "f1-score": 1.0,
        "support": 3.0
    },
    "HardwareFault": {
        "precision": 0.7777777777777778,
        "recall": 1.0,
        "f1-score": 0.875,
        "support": 28.0
    },
    "Normal": {
        "precision": 0.9763779527559056,
        "recall": 0.9393939393939394,
        "f1-score": 0.9575289575289575,
        "support": 132.0
    },
    "ParamViolation": {
        "precision": 0.7142857142857143,
        "recall": 1.0,
        "f1-score": 0.8333333333333334,
        "support": 10.0
    },
    "RegulationViolation": {
        "precision": 1.0,
        "recall": 1.0,
        "f1-score": 1.0,
        "support": 3.0
    },
    "SoftwareFault": {
        "precision": 0.8823529411764706,
        "recall": 0.75,
        "f1-score": 0.8108108108108109,
        "support": 20.0
    },
    "SurroundingEnvironment": {
        "precision": 1.0,
        "recall": 0.6923076923076923,
        "f1-score": 0.8181818181818182,
        "support": 13.0
    },
    "accuracy": 0.9186602870813397,
    "macro_avg": {
        "precision": 0.9072563408565527,
        "recall": 0.9116716616716617,
        "f1-score": 0.8992649885507029,
        "support": 209.0
    },
    "weighted_avg": {
        "precision": 0.9303807823346596,
        "recall": 0.9186602870813397,
        "f1-score": 0.9190417970322278,
        "support": 209.0
    },
    "micro_avg": {
        "precision": 0.9186602870813397,
        "recall": 0.9186602870813397,
        "f1-score": 0.9186602870813397
    }
}