{
    "model": "bert-base-uncased",
    "device": "cuda",
    "sample_size": 5000,
    "batch_size": 32,
    "inference_time_s": 5.017237959007616,
    "avg_cpu_percent": 4.1196078431372545,
    "peak_cpu_percent": 4.6,
    "avg_gpu_percent": 80.62745098039215,
    "peak_gpu_percent": 89
}