{
    "CommunicationIssue": {
        "precision": 1.0,
        "recall": 1.0,
        "f1-score": 1.0,
        "support": 3.0
    },
    "HardwareFault": {
        "precision": 0.896551724137931,
        "recall": 0.9285714285714286,
        "f1-score": 0.9122807017543859,
        "support": 28.0
    },
    "Normal": {
        "precision": 0.9692307692307692,
        "recall": 0.9545454545454546,
        "f1-score": 0.9618320610687023,
        "support": 132.0
    },
    "ParamViolation": {
        "precision": 0.8181818181818182,
        "recall": 0.9,
        "f1-score": 0.8571428571428571,
        "support": 10.0
    },
    "RegulationViolation": {
        "precision": 1.0,
        "recall": 0.6666666666666666,
        "f1-score": 0.8,
        "support": 3.0
    },
    "SoftwareFault": {
        "precision": 0.782608695652174,
        "recall": 0.9,
        "f1-score": 0.8372093023255814,
        "support": 20.0
    },
    "SurroundingEnvironment": {
        "precision": 0.8181818181818182,
        "recall": 0.6923076923076923,
        "f1-score": 0.75,
        "support": 13.0
    },
    "accuracy": 0.9234449760765551,
    "macro_avg": {
        "precision": 0.8978221179120729,
        "recall": 0.8631558917273203,
        "f1-score": 0.8740664174702182,
        "support": 209.0
    },
    "weighted_avg": {
        "precision": 0.9258960073949708,
        "recall": 0.9234449760765551,
        "f1-score": 0.9233076857805346,
        "support": 209.0
    },
    "micro_avg": {
        "precision": 0.9234449760765551,
        "recall": 0.9234449760765551,
        "f1-score": 0.9234449760765551
    }
}