{
    "CommunicationIssue": {
        "precision": 0.75,
        "recall": 1.0,
        "f1-score": 0.8571428571428571,
        "support": 3.0
    },
    "HardwareFault": {
        "precision": 0.875,
        "recall": 1.0,
        "f1-score": 0.9333333333333333,
        "support": 28.0
    },
    "Normal": {
        "precision": 0.9770992366412213,
        "recall": 0.9696969696969697,
        "f1-score": 0.973384030418251,
        "support": 132.0
    },
    "ParamViolation": {
        "precision": 0.7272727272727273,
        "recall": 0.8,
        "f1-score": 0.7619047619047619,
        "support": 10.0
    },
    "RegulationViolation": {
        "precision": 1.0,
        "recall": 1.0,
        "f1-score": 1.0,
        "support": 3.0
    },
    "SoftwareFault": {
        "precision": 0.7777777777777778,
        "recall": 0.7,
        "f1-score": 0.7368421052631579,
        "support": 20.0
    },
    "SurroundingEnvironment": {
        "precision": 0.9,
        "recall": 0.6923076923076923,
        "f1-score": 0.782608695652174,
        "support": 13.0
    },
    "accuracy": 0.9234449760765551,
    "macro_avg": {
        "precision": 0.8581642488131038,
        "recall": 0.8802863802863803,
        "f1-score": 0.863602254816362,
        "support": 209.0
    },
    "weighted_avg": {
        "precision": 0.9246668998321723,
        "recall": 0.9234449760765551,
        "f1-score": 0.9221112760179907,
        "support": 209.0
    },
    "micro_avg": {
        "precision": 0.9234449760765551,
        "recall": 0.9234449760765551,
        "f1-score": 0.9234449760765551
    }
}