{
    "CommunicationIssue": {
        "precision": 1.0,
        "recall": 1.0,
        "f1-score": 1.0,
        "support": 3.0
    },
    "HardwareFault": {
        "precision": 0.896551724137931,
        "recall": 0.9285714285714286,
        "f1-score": 0.9122807017543859,
        "support": 28.0
    },
    "Normal": {
        "precision": 0.9689922480620154,
        "recall": 0.946969696969697,
        "f1-score": 0.9578544061302682,
        "support": 132.0
    },
    "ParamViolation": {
        "precision": 0.8181818181818182,
        "recall": 0.9,
        "f1-score": 0.8571428571428571,
        "support": 10.0
    },
    "RegulationViolation": {
        "precision": 1.0,
        "recall": 1.0,
        "f1-score": 1.0,
        "support": 3.0
    },
    "SoftwareFault": {
        "precision": 0.7083333333333334,
        "recall": 0.85,
        "f1-score": 0.7727272727272727,
        "support": 20.0
    },
    "SurroundingEnvironment": {
        "precision": 0.9,
        "recall": 0.6923076923076923,
        "f1-score": 0.782608695652174,
        "support": 13.0
    },
    "accuracy": 0.9186602870813397,
    "macro_avg": {
        "precision": 0.8988655891021569,
        "recall": 0.9025498311212596,
        "f1-score": 0.897516276200994,
        "support": 209.0
    },
    "weighted_avg": {
        "precision": 0.9237268414762342,
        "recall": 0.9186602870813397,
        "f1-score": 0.9195240589845478,
        "support": 209.0
    },
    "micro_avg": {
        "precision": 0.9186602870813397,
        "recall": 0.9186602870813397,
        "f1-score": 0.9186602870813397
    }
}