{
    "model": "all-mpnet-base-v2",
    "device": "cuda",
    "sample_size": 10000,
    "batch_size": 32,
    "inference_time_s": 2.836258754017763,
    "avg_cpu_percent": 4.285714285714286,
    "peak_cpu_percent": 14.0,
    "avg_gpu_percent": 77.5,
    "peak_gpu_percent": 100,
    "avg_memory_rss_mb": 1355.504603794643,
    "peak_memory_rss_mb": 1356.84765625,
    "avg_gpu_memory_mb": 11175.401785714286,
    "peak_gpu_memory_mb": 11757.1875
}