{
    "CommunicationIssue": {
        "precision": 1.0,
        "recall": 1.0,
        "f1-score": 1.0,
        "support": 3.0
    },
    "HardwareFault": {
        "precision": 0.8484848484848485,
        "recall": 1.0,
        "f1-score": 0.9180327868852459,
        "support": 28.0
    },
    "Normal": {
        "precision": 0.9699248120300752,
        "recall": 0.9772727272727273,
        "f1-score": 0.9735849056603774,
        "support": 132.0
    },
    "ParamViolation": {
        "precision": 0.8888888888888888,
        "recall": 0.8,
        "f1-score": 0.8421052631578947,
        "support": 10.0
    },
    "RegulationViolation": {
        "precision": 1.0,
        "recall": 1.0,
        "f1-score": 1.0,
        "support": 3.0
    },
    "SoftwareFault": {
        "precision": 0.8235294117647058,
        "recall": 0.7,
        "f1-score": 0.7567567567567568,
        "support": 20.0
    },
    "SurroundingEnvironment": {
        "precision": 0.8181818181818182,
        "recall": 0.6923076923076923,
        "f1-score": 0.75,
        "support": 13.0
    },
    "accuracy": 0.9282296650717703,
    "macro_avg": {
        "precision": 0.9070013970500481,
        "recall": 0.8813686313686314,
        "f1-score": 0.8914971017800394,
        "support": 209.0
    },
    "weighted_avg": {
        "precision": 0.9271937402205372,
        "recall": 0.9282296650717703,
        "f1-score": 0.9259536523764151,
        "support": 209.0
    },
    "micro_avg": {
        "precision": 0.9282296650717703,
        "recall": 0.9282296650717703,
        "f1-score": 0.9282296650717703
    }
}