{
    "CommunicationIssue": {
        "precision": 0.75,
        "recall": 1.0,
        "f1-score": 0.8571428571428571,
        "support": 3.0
    },
    "HardwareFault": {
        "precision": 1.0,
        "recall": 0.9285714285714286,
        "f1-score": 0.9629629629629629,
        "support": 28.0
    },
    "Normal": {
        "precision": 0.9770992366412213,
        "recall": 0.9696969696969697,
        "f1-score": 0.973384030418251,
        "support": 132.0
    },
    "ParamViolation": {
        "precision": 0.8181818181818182,
        "recall": 0.9,
        "f1-score": 0.8571428571428571,
        "support": 10.0
    },
    "RegulationViolation": {
        "precision": 1.0,
        "recall": 0.6666666666666666,
        "f1-score": 0.8,
        "support": 3.0
    },
    "SoftwareFault": {
        "precision": 0.68,
        "recall": 0.85,
        "f1-score": 0.7555555555555555,
        "support": 20.0
    },
    "SurroundingEnvironment": {
        "precision": 0.9,
        "recall": 0.6923076923076923,
        "f1-score": 0.782608695652174,
        "support": 13.0
    },
    "accuracy": 0.9282296650717703,
    "macro_avg": {
        "precision": 0.8750401506890056,
        "recall": 0.8581775367489654,
        "f1-score": 0.8555424226963797,
        "support": 209.0
    },
    "weighted_avg": {
        "precision": 0.9364063034376047,
        "recall": 0.9282296650717703,
        "f1-score": 0.9295575898354956,
        "support": 209.0
    },
    "micro_avg": {
        "precision": 0.9282296650717703,
        "recall": 0.9282296650717703,
        "f1-score": 0.9282296650717703
    }
}