{
    "CommunicationIssue": {
        "precision": 1.0,
        "recall": 1.0,
        "f1-score": 1.0,
        "support": 3.0
    },
    "HardwareFault": {
        "precision": 0.9230769230769231,
        "recall": 0.8571428571428571,
        "f1-score": 0.8888888888888888,
        "support": 28.0
    },
    "Normal": {
        "precision": 0.9621212121212122,
        "recall": 0.9621212121212122,
        "f1-score": 0.9621212121212122,
        "support": 132.0
    },
    "ParamViolation": {
        "precision": 0.8181818181818182,
        "recall": 0.9,
        "f1-score": 0.8571428571428571,
        "support": 10.0
    },
    "RegulationViolation": {
        "precision": 1.0,
        "recall": 1.0,
        "f1-score": 1.0,
        "support": 3.0
    },
    "SoftwareFault": {
        "precision": 0.6666666666666666,
        "recall": 0.8,
        "f1-score": 0.7272727272727273,
        "support": 20.0
    },
    "SurroundingEnvironment": {
        "precision": 0.9,
        "recall": 0.6923076923076923,
        "f1-score": 0.782608695652174,
        "support": 13.0
    },
    "accuracy": 0.9138755980861244,
    "macro_avg": {
        "precision": 0.8957209457209458,
        "recall": 0.8873673945102516,
        "f1-score": 0.8882906258682656,
        "support": 209.0
    },
    "weighted_avg": {
        "precision": 0.9189536141689252,
        "recall": 0.9138755980861244,
        "f1-score": 0.914735335163877,
        "support": 209.0
    },
    "micro_avg": {
        "precision": 0.9138755980861244,
        "recall": 0.9138755980861244,
        "f1-score": 0.9138755980861244
    }
}