{
    "CommunicationIssue": {
        "precision": 1.0,
        "recall": 1.0,
        "f1-score": 1.0,
        "support": 3.0
    },
    "HardwareFault": {
        "precision": 0.7878787878787878,
        "recall": 0.9285714285714286,
        "f1-score": 0.8524590163934426,
        "support": 28.0
    },
    "Normal": {
        "precision": 0.9338235294117647,
        "recall": 0.9621212121212122,
        "f1-score": 0.9477611940298507,
        "support": 132.0
    },
    "ParamViolation": {
        "precision": 0.8571428571428571,
        "recall": 0.6,
        "f1-score": 0.7058823529411765,
        "support": 10.0
    },
    "RegulationViolation": {
        "precision": 1.0,
        "recall": 1.0,
        "f1-score": 1.0,
        "support": 3.0
    },
    "SoftwareFault": {
        "precision": 0.7894736842105263,
        "recall": 0.75,
        "f1-score": 0.7692307692307693,
        "support": 20.0
    },
    "SurroundingEnvironment": {
        "precision": 1.0,
        "recall": 0.6153846153846154,
        "f1-score": 0.7619047619047619,
        "support": 13.0
    },
    "accuracy": 0.8995215311004785,
    "macro_avg": {
        "precision": 0.9097598369491336,
        "recall": 0.8365824651538938,
        "f1-score": 0.8624625849285715,
        "support": 209.0
    },
    "weighted_avg": {
        "precision": 0.9028048526248713,
        "recall": 0.8995215311004785,
        "f1-score": 0.8962752674150514,
        "support": 209.0
    },
    "micro_avg": {
        "precision": 0.8995215311004785,
        "recall": 0.8995215311004785,
        "f1-score": 0.8995215311004785
    }
}