{
    "model": "all-mpnet-base-v2",
    "device": "cuda",
    "sample_size": 5000,
    "batch_size": 32,
    "inference_time_s": 1.463995230034925,
    "avg_cpu_percent": 4.28,
    "peak_cpu_percent": 10.1,
    "avg_gpu_percent": 62.666666666666664,
    "peak_gpu_percent": 100,
    "avg_memory_rss_mb": 1365.1044270833333,
    "peak_memory_rss_mb": 1366.56640625,
    "avg_gpu_memory_mb": 10304.920833333334,
    "peak_gpu_memory_mb": 10909.1875
}