{
    "CommunicationIssue": {
        "precision": 1.0,
        "recall": 1.0,
        "f1-score": 1.0,
        "support": 3.0
    },
    "HardwareFault": {
        "precision": 0.9310344827586207,
        "recall": 0.9642857142857143,
        "f1-score": 0.9473684210526315,
        "support": 28.0
    },
    "Normal": {
        "precision": 0.9769230769230769,
        "recall": 0.9621212121212122,
        "f1-score": 0.9694656488549618,
        "support": 132.0
    },
    "ParamViolation": {
        "precision": 0.6666666666666666,
        "recall": 0.8,
        "f1-score": 0.7272727272727273,
        "support": 10.0
    },
    "RegulationViolation": {
        "precision": 1.0,
        "recall": 0.6666666666666666,
        "f1-score": 0.8,
        "support": 3.0
    },
    "SoftwareFault": {
        "precision": 0.8095238095238095,
        "recall": 0.85,
        "f1-score": 0.8292682926829268,
        "support": 20.0
    },
    "SurroundingEnvironment": {
        "precision": 0.8333333333333334,
        "recall": 0.7692307692307693,
        "f1-score": 0.8,
        "support": 13.0
    },
    "accuracy": 0.9282296650717703,
    "macro_avg": {
        "precision": 0.8882116241722152,
        "recall": 0.8589006231863374,
        "f1-score": 0.8676250128376067,
        "support": 209.0
    },
    "weighted_avg": {
        "precision": 0.9316425256534149,
        "recall": 0.9282296650717703,
        "f1-score": 0.9289659070082033,
        "support": 209.0
    },
    "micro_avg": {
        "precision": 0.9282296650717703,
        "recall": 0.9282296650717703,
        "f1-score": 0.9282296650717703
    }
}