{
    "CommunicationIssue": {
        "precision": 1.0,
        "recall": 1.0,
        "f1-score": 1.0,
        "support": 3.0
    },
    "HardwareFault": {
        "precision": 0.875,
        "recall": 1.0,
        "f1-score": 0.9333333333333333,
        "support": 28.0
    },
    "Normal": {
        "precision": 0.9846153846153847,
        "recall": 0.9696969696969697,
        "f1-score": 0.9770992366412213,
        "support": 132.0
    },
    "ParamViolation": {
        "precision": 0.7272727272727273,
        "recall": 0.8,
        "f1-score": 0.7619047619047619,
        "support": 10.0
    },
    "RegulationViolation": {
        "precision": 1.0,
        "recall": 1.0,
        "f1-score": 1.0,
        "support": 3.0
    },
    "SoftwareFault": {
        "precision": 0.8,
        "recall": 0.8,
        "f1-score": 0.8,
        "support": 20.0
    },
    "SurroundingEnvironment": {
        "precision": 0.9,
        "recall": 0.6923076923076923,
        "f1-score": 0.782608695652174,
        "support": 13.0
    },
    "accuracy": 0.9330143540669856,
    "macro_avg": {
        "precision": 0.8981268731268732,
        "recall": 0.8945720945720945,
        "f1-score": 0.8935637182187843,
        "support": 209.0
    },
    "weighted_avg": {
        "precision": 0.9351289858466891,
        "recall": 0.9330143540669856,
        "f1-score": 0.932552120729667,
        "support": 209.0
    },
    "micro_avg": {
        "precision": 0.9330143540669856,
        "recall": 0.9330143540669856,
        "f1-score": 0.9330143540669856
    }
}