{
    "CommunicationIssue": {
        "precision": 1.0,
        "recall": 1.0,
        "f1-score": 1.0,
        "support": 3.0
    },
    "HardwareFault": {
        "precision": 0.9032258064516129,
        "recall": 1.0,
        "f1-score": 0.9491525423728814,
        "support": 28.0
    },
    "Normal": {
        "precision": 0.9694656488549618,
        "recall": 0.9621212121212122,
        "f1-score": 0.9657794676806084,
        "support": 132.0
    },
    "ParamViolation": {
        "precision": 0.8,
        "recall": 0.8,
        "f1-score": 0.8,
        "support": 10.0
    },
    "RegulationViolation": {
        "precision": 1.0,
        "recall": 1.0,
        "f1-score": 1.0,
        "support": 3.0
    },
    "SoftwareFault": {
        "precision": 0.8095238095238095,
        "recall": 0.85,
        "f1-score": 0.8292682926829268,
        "support": 20.0
    },
    "SurroundingEnvironment": {
        "precision": 1.0,
        "recall": 0.7692307692307693,
        "f1-score": 0.8695652173913043,
        "support": 13.0
    },
    "accuracy": 0.937799043062201,
    "macro_avg": {
        "precision": 0.9260307521186263,
        "recall": 0.9116217116217115,
        "f1-score": 0.916252217161103,
        "support": 209.0
    },
    "weighted_avg": {
        "precision": 0.9399534182773985,
        "recall": 0.937799043062201,
        "f1-score": 0.9375544239235718,
        "support": 209.0
    },
    "micro_avg": {
        "precision": 0.937799043062201,
        "recall": 0.937799043062201,
        "f1-score": 0.937799043062201
    }
}