{
    "model": "all-mpnet-base-v2",
    "device": "cuda",
    "sample_size": 1000000,
    "batch_size": 32,
    "inference_time_s": 1163.6830219149706,
    "avg_cpu_percent": 17.049504779950045,
    "peak_cpu_percent": 24.2,
    "avg_gpu_percent": 90.26139006114892,
    "peak_gpu_percent": 93
}