{
    "model": "bert-base-uncased",
    "device": "cuda",
    "sample_size": 10000,
    "batch_size": 32,
    "inference_time_s": 9.250161837000633,
    "avg_cpu_percent": 4.149462365591398,
    "peak_cpu_percent": 5.0,
    "avg_gpu_percent": 83.01075268817205,
    "peak_gpu_percent": 91
}