{
    "CommunicationIssue": {
        "precision": 1.0,
        "recall": 1.0,
        "f1-score": 1.0,
        "support": 3.0
    },
    "HardwareFault": {
        "precision": 0.9629629629629629,
        "recall": 0.9285714285714286,
        "f1-score": 0.9454545454545454,
        "support": 28.0
    },
    "Normal": {
        "precision": 0.9692307692307692,
        "recall": 0.9545454545454546,
        "f1-score": 0.9618320610687023,
        "support": 132.0
    },
    "ParamViolation": {
        "precision": 0.6923076923076923,
        "recall": 0.9,
        "f1-score": 0.782608695652174,
        "support": 10.0
    },
    "RegulationViolation": {
        "precision": 1.0,
        "recall": 1.0,
        "f1-score": 1.0,
        "support": 3.0
    },
    "SoftwareFault": {
        "precision": 0.6666666666666666,
        "recall": 0.8,
        "f1-score": 0.7272727272727273,
        "support": 20.0
    },
    "SurroundingEnvironment": {
        "precision": 1.0,
        "recall": 0.6923076923076923,
        "f1-score": 0.8181818181818182,
        "support": 13.0
    },
    "accuracy": 0.9186602870813397,
    "macro_avg": {
        "precision": 0.8987382987382988,
        "recall": 0.8964892250606535,
        "f1-score": 0.8907642639471381,
        "support": 209.0
    },
    "weighted_avg": {
        "precision": 0.9289848553006449,
        "recall": 0.9186602870813397,
        "f1-score": 0.920777341971942,
        "support": 209.0
    },
    "micro_avg": {
        "precision": 0.9186602870813397,
        "recall": 0.9186602870813397,
        "f1-score": 0.9186602870813397
    }
}