{
    "CommunicationIssue": {
        "precision": 0.0,
        "recall": 0.0,
        "f1-score": 0.0,
        "support": 3.0
    },
    "HardwareFault": {
        "precision": 0.9090909090909091,
        "recall": 0.7142857142857143,
        "f1-score": 0.8,
        "support": 28.0
    },
    "Normal": {
        "precision": 0.7096774193548387,
        "recall": 1.0,
        "f1-score": 0.8301886792452831,
        "support": 132.0
    },
    "ParamViolation": {
        "precision": 0.0,
        "recall": 0.0,
        "f1-score": 0.0,
        "support": 10.0
    },
    "RegulationViolation": {
        "precision": 0.0,
        "recall": 0.0,
        "f1-score": 0.0,
        "support": 3.0
    },
    "SoftwareFault": {
        "precision": 0.0,
        "recall": 0.0,
        "f1-score": 0.0,
        "support": 20.0
    },
    "SurroundingEnvironment": {
        "precision": 1.0,
        "recall": 0.07692307692307693,
        "f1-score": 0.14285714285714285,
        "support": 13.0
    },
    "accuracy": 0.7320574162679426,
    "macro_avg": {
        "precision": 0.3741097612065354,
        "recall": 0.25588697017268447,
        "f1-score": 0.25329226030034657,
        "support": 209.0
    },
    "weighted_avg": {
        "precision": 0.6322103579396371,
        "recall": 0.7320574162679426,
        "f1-score": 0.6403925766388527,
        "support": 209.0
    },
    "micro_avg": {
        "precision": 0.7320574162679426,
        "recall": 0.7320574162679426,
        "f1-score": 0.7320574162679426
    }
}