{
    "CommunicationIssue": {
        "precision": 1.0,
        "recall": 1.0,
        "f1-score": 1.0,
        "support": 3.0
    },
    "HardwareFault": {
        "precision": 0.875,
        "recall": 1.0,
        "f1-score": 0.9333333333333333,
        "support": 28.0
    },
    "Normal": {
        "precision": 0.9694656488549618,
        "recall": 0.9621212121212122,
        "f1-score": 0.9657794676806084,
        "support": 132.0
    },
    "ParamViolation": {
        "precision": 0.8181818181818182,
        "recall": 0.9,
        "f1-score": 0.8571428571428571,
        "support": 10.0
    },
    "RegulationViolation": {
        "precision": 1.0,
        "recall": 1.0,
        "f1-score": 1.0,
        "support": 3.0
    },
    "SoftwareFault": {
        "precision": 0.8,
        "recall": 0.8,
        "f1-score": 0.8,
        "support": 20.0
    },
    "SurroundingEnvironment": {
        "precision": 1.0,
        "recall": 0.6923076923076923,
        "f1-score": 0.8181818181818182,
        "support": 13.0
    },
    "accuracy": 0.9330143540669856,
    "macro_avg": {
        "precision": 0.9232353524338258,
        "recall": 0.9077755577755576,
        "f1-score": 0.9106339251912311,
        "support": 209.0
    },
    "weighted_avg": {
        "precision": 0.9361305446443692,
        "recall": 0.9330143540669856,
        "f1-score": 0.9321723218897888,
        "support": 209.0
    },
    "micro_avg": {
        "precision": 0.9330143540669856,
        "recall": 0.9330143540669856,
        "f1-score": 0.9330143540669856
    }
}