{
    "CommunicationIssue": {
        "precision": 1.0,
        "recall": 1.0,
        "f1-score": 1.0,
        "support": 3.0
    },
    "HardwareFault": {
        "precision": 0.7352941176470589,
        "recall": 0.8928571428571429,
        "f1-score": 0.8064516129032258,
        "support": 28.0
    },
    "Normal": {
        "precision": 0.9621212121212122,
        "recall": 0.9621212121212122,
        "f1-score": 0.9621212121212122,
        "support": 132.0
    },
    "ParamViolation": {
        "precision": 0.875,
        "recall": 0.7,
        "f1-score": 0.7777777777777778,
        "support": 10.0
    },
    "RegulationViolation": {
        "precision": 1.0,
        "recall": 1.0,
        "f1-score": 1.0,
        "support": 3.0
    },
    "SoftwareFault": {
        "precision": 0.7894736842105263,
        "recall": 0.75,
        "f1-score": 0.7692307692307693,
        "support": 20.0
    },
    "SurroundingEnvironment": {
        "precision": 0.9,
        "recall": 0.6923076923076923,
        "f1-score": 0.782608695652174,
        "support": 13.0
    },
    "accuracy": 0.9043062200956937,
    "macro_avg": {
        "precision": 0.8945555734255425,
        "recall": 0.8567551496122926,
        "f1-score": 0.8711700096693084,
        "support": 209.0
    },
    "weighted_avg": {
        "precision": 0.9082665501355415,
        "recall": 0.9043062200956937,
        "f1-score": 0.9039088582160848,
        "support": 209.0
    },
    "micro_avg": {
        "precision": 0.9043062200956937,
        "recall": 0.9043062200956937,
        "f1-score": 0.9043062200956937
    }
}